Accessories,Books,Bags,Cellphones,Clothing,Money,Eletronics,Entrainment,Glasses,Shoes,Household Items,indentification,Jewlery,Keys,Medical Equipment,Miscellaneous,Instruments,NYCT Equipment,Sports Equipment,Tickets,Tools,Toys,Wallets/Purses
Accessories.All.Other.Accessories,Book.Address.book,Carry.Bag...Luggage.All.other.baggage,Cell.Phone.Telephone.Communication.Device.Answering.Machine,Clothing..All.Other.Clothing,Currency.Cash,Electronics.Air.conditioner,Entertainment..Music.Movies.Games..All.Other.Entertainment,Eye.Wear.Eye.glasses,Footwear.All.Other.Footwear,Home.Furnishings.All.Other.Furnishings,Identification.AAA.Card,Jewelry.All.other.Jewelry,Keys.All.Other.keys,Medical.Equipment...Medication.All.Other.Medical.Equipment...Supplies,Miscellaneous.All.Other.Misc.Items.,Musical.Instrument.All.Other.Instruments,NYCT.Equipment.All.other.NYCT.Equiment,Sports.Equipment.All.Other.sports.equipment,Tickets.Airline,Tools.Tool.Belt,Toys.All.Other.Toys,Wallet.Purse.All.Other.Wallet...Purse
Accessories.Belt,Book.Diary,Carry.Bag...Luggage.Backpack,Cell.Phone.Telephone.Communication.Device.Cell.phone.,Clothing..Blouse,Currency.Foreign.Currency,Electronics.All.other.Electronics,Entertainment..Music.Movies.Games..Blu.Ray,Eye.Wear.Eyeglass.case.without.glasses,Footwear.Boots,Home.Furnishings.Appliances,Identification.All.Other.Personal.Identification,Jewelry.Bracelet,Keys.Car,Medical.Equipment...Medication.Blood.Pressure.Meter,Miscellaneous.Art.and.Crafts,Musical.Instrument.Clarinet,NYCT.Equipment.Badge,Sports.Equipment.Ball,Tickets.All.Other.Tickets,Tools.Tool.Box,Toys.Baby.Toys,Wallet.Purse.Billfold
Accessories.Gloves,Book.Hard.Cover,Carry.Bag...Luggage.Briefcase,Cell.Phone.Telephone.Communication.Device.Other,Clothing..Coat.,Currency.Gift.Card.,Electronics.CD.Player,Entertainment..Music.Movies.Games..Compact.Disc,Eye.Wear.Other,Footwear.Galoshes,Home.Furnishings.Dishware,Identification.Badge,Jewelry.Cuff.Links,Keys.Electronic.key.card,Medical.Equipment...Medication.Cane,Miscellaneous.Baby.stroller.Carrier,Musical.Instrument.Flute,NYCT.Equipment.Epic.pass,Sports.Equipment.Bats,Tickets.Entertainment.Tickets,Tools.Tools,Toys.Board.Game,Wallet.Purse.Business.Card.holder
Accessories.Hat,Book.Other,Carry.Bag...Luggage.Duffle.bag,Cell.Phone.Telephone.Communication.Device.Pager,Clothing..Dress,Currency.Money.Order,Electronics.Calculator,Entertainment..Music.Movies.Games..Computer.Games.,Eye.Wear.Sunglasses,Footwear.Sandals,Home.Furnishings.Floor.Covering,Identification.Benefit.Card,Jewelry.Earrings,Keys.House,Medical.Equipment...Medication.Diabetic.Testing.Equipment,Miscellaneous.Blue.print,Musical.Instrument.Guitar,NYCT.Equipment.Pass.or.Badge.holder,Sports.Equipment.Bicycle,Tickets.LIRR.Tickets,,Toys.Cars.Trucks,Wallet.Purse.Fanny.pack
Accessories.Make.up,Book.Paperback,Carry.Bag...Luggage.Garment.suit.bag,Cell.Phone.Telephone.Communication.Device.Telephone.Accessories,Clothing..Jacket,Currency.Other.Currency,Electronics.Camera,Entertainment..Music.Movies.Games..DVD,,Footwear.Shoes,Home.Furnishings.Linen,Identification.Birth.Certificate,Jewelry.Fashion..Costume.,,Medical.Equipment...Medication.Electric.wheelchair.scooter,Miscellaneous.Checkbook,Musical.Instrument.Harmonica,NYCT.Equipment.Radio,Sports.Equipment.Binocular,Tickets.Lottery.Tickets,,Toys.Doll,Wallet.Purse.Handbag
Accessories.Scarf,Book.Photo.album,Carry.Bag...Luggage.Handbag,Cell.Phone.Telephone.Communication.Device.Walkie.Talkie,Clothing..Leather.Jacket,Currency.Payroll.check,Electronics.Camera.Accessories,Entertainment..Music.Movies.Games..VHS.Tape,,Footwear.Slippers,Home.Furnishings.Ornaments,Identification.Credit.Card,Jewelry.Necklace,,Medical.Equipment...Medication.Glucose.Meter,Miscellaneous.Envelope,Musical.Instrument.Musical.instrument.accessories,NYCT.Equipment.Vest,Sports.Equipment.Electric.Motor.Scooter,Tickets.MTA.Metrocard,,Toys.Stuffed.Animals,Wallet.Purse.ID.Holder
Accessories.Ties,Book.Soft.cover,Carry.Bag...Luggage.Messenger.bag,,Clothing..Nightwear,Currency.Personal.Check,Electronics.Clock,Entertainment..Music.Movies.Games..Video.Games.System,,Footwear.Sneakers,Home.Furnishings.Wall.and.Window.Covering,Identification.Death.Certificate,Jewelry.Ring,,Medical.Equipment...Medication.Insulin.Pump,Miscellaneous.Folder,Musical.Instrument.Saxophone,,Sports.Equipment.Golf.Club,Tickets.Metro.North.Tickets,,,Wallet.Purse.Lanyard
Accessories.Umbrella,,Carry.Bag...Luggage.Shopping.bag,,Clothing..Pants.trousers.shorts,Currency.Travelers.Checks.,Electronics.Computer.,,,,,Identification.Debit.Card,Jewelry.Tie.Clips,,Medical.Equipment...Medication.Medication,Miscellaneous.Lunch.box,Musical.Instrument.Trumpet,,Sports.Equipment.Hockey.Stick,Tickets.NJ.Transit,,,Wallet.Purse.Pouch
,,Carry.Bag...Luggage.Shoulder.bag,,Clothing..Shirt,,Electronics.Computer.Accessories,,,,,Identification.Drivers.License,Jewelry.Watch,,Medical.Equipment...Medication.Other,Miscellaneous.Mail,Musical.Instrument.Violin,,Sports.Equipment.Protective.Gear,Tickets.Transit.Check,,,Wallet.Purse.Purse
,,Carry.Bag...Luggage.Suitcase,,Clothing..Skirt,,Electronics.Computer.External.Hard.Drive,,,,,Identification.Employment.ID,,,Medical.Equipment...Medication.Walker,Miscellaneous.Photo.Pictures,,,Sports.Equipment.Scooter,,,,Wallet.Purse.Wallet
,,Carry.Bag...Luggage.Tote.bag,,Clothing..Suit,,Electronics.DVD.Player,,,,,Identification.Identification.Card,,,Medical.Equipment...Medication.Wheel.Chair,Miscellaneous.Portfolio,,,Sports.Equipment.Skateboard,,,,Wallet.Purse.Wristlet
,,,,Clothing..Sweater,,Electronics.Digital.Camera,,,,,Identification.Insurance.Card,,,Medical.Equipment...Medication.X...Rays,Miscellaneous.Stationary.Supplies,,,Sports.Equipment.Skis,,,,
,,,,Clothing..T.shirt,,Electronics.Digital.media.MP3.4.Player,,,,,Identification.Library.card,,,,Miscellaneous.Tefillin.Phylacteries..Jewish.,,,Sports.Equipment.Sports.Racket,,,,
,,,,Clothing..Under.garment,,Electronics.Earphones.Speakers,,,,,Identification.Membership.card,,,,,,,,,,,
,,,,,,Electronics.Electronic.Reading.Device,,,,,Identification.Military.ID,,,,,,,,,,,
,,,,,,Electronics.Electronic.Tablet,,,,,Identification.Passport,,,,,,,,,,,
,,,,,,Electronics.Electronic.accessories,,,,,Identification.Registration.Card,,,,,,,,,,,
,,,,,,Electronics.GPS.Navigation.System,,,,,Identification.Resident.Card,,,,,,,,,,,
,,,,,,Electronics.PDA,,,,,Identification.School.ID,,,,,,,,,,,
,,,,,,Electronics.Photo.Video.Equipment,,,,,Identification.Social.Security.Card,,,,,,,,,,,
,,,,,,Electronics.Portable.radio,,,,,,,,,,,,,,,,
,,,,,,Electronics.Record.Player,,,,,,,,,,,,,,,,
,,,,,,Electronics.Television.set,,,,,,,,,,,,,,,,
,,,,,,Electronics.Translator,,,,,,,,,,,,,,,,
,,,,,,Electronics.USB.Drive,,,,,,,,,,,,,,,,
,,,,,,Electronics.Walkman,,,,,,,,,,,,,,,,
,,,,,,Electronics.Activity.Tracker,,,,,,,,,,,,,,,,
,,,,,,Electronics.Body.Activity.Tracker,,,,,,,,,,,,,,,,
,,,,,,,,,,,,,,,,,,,,,,
,,,,,,,,,,,,,,,,,,,,,,
,,,,,,,,,,,,,,,,,,,,,,
,,,,,,,,,,,,,,,,,,,,,,
,,,,,,,,,,,,,,,,,,,,,,
,,,,,,,,,,,,,,,,,,,,,,
,,,,,,,,,,,,,,,,,,,,,,
,,,,,,,,,,,,,,,,,,,,,,
,,,,,,,,,,,,,,,,,,,,,,
,,,,,,,,,,,,,,,,,,,,,,
,,,,,,,,,,,,,,,,,,,,,,
,,,,,,,,,,,,,,,,,,,,,,
,,,,,,,,,,,,,,,,,,,,,,
,,,,,,,,,,,,,,,,,,,,,,
,,,,,,,,,,,,,,,,,,,,,,
,,,,,,,,,,,,,,,,,,,,,,
,,,,,,,,,,,,,,,,,,,,,,
,,,,,,,,,,,,,,,,,,,,,,
,,,,,,,,,,,,,,,,,,,,,,
,,,,,,,,,,,,,,,,,,,,,,
,,,,,,,,,,,,,,,,,,,,,,
,,,,,,,,,,,,,,,,,,,,,,
,,,,,,,,,,,,,,,,,,,,,,
,,,,,,,,,,,,,,,,,,,,,,
,,,,,,,,,,,,,,,,,,,,,,
,,,,,,,,,,,,,,,,,,,,,,
,,,,,,,,,,,,,,,,,,,,,,
,,,,,,,,,,,,,,,,,,,,,,
,,,,,,,,,,,,,,,,,,,,,,
,,,,,,,,,,,,,,,,,,,,,,
,,,,,,,,,,,,,,,,,,,,,,
,,,,,,,,,,,,,,,,,,,,,,
,,,,,,,,,,,,,,,,,,,,,,
,,,,,,,,,,,,,,,,,,,,,,
,,,,,,,,,,,,,,,,,,,,,,
,,,,,,,,,,,,,,,,,,,,,,
,,,,,,,,,,,,,,,,,,,,,,
,,,,,,,,,,,,,,,,,,,,,,
,,,,,,,,,,,,,,,,,,,,,,
,,,,,,,,,,,,,,,,,,,,,,
,,,,,,,,,,,,,,,,,,,,,,
,,,,,,,,,,,,,,,,,,,,,,
,,,,,,,,,,,,,,,,,,,,,,
,,,,,,,,,,,,,,,,,,,,,,
,,,,,,,,,,,,,,,,,,,,,,
,,,,,,,,,,,,,,,,,,,,,,
,,,,,,,,,,,,,,,,,,,,,,
,,,,,,,,,,,,,,,,,,,,,,
,,,,,,,,,,,,,,,,,,,,,,
,,,,,,,,,,,,,,,,,,,,,,
,,,,,,,,,,,,,,,,,,,,,,
,,,,,,,,,,,,,,,,,,,,,,
,,,,,,,,,,,,,,,,,,,,,,
,,,,,,,,,,,,,,,,,,,,,,
,,,,,,,,,,,,,,,,,,,,,,
,,,,,,,,,,,,,,,,,,,,,,
,,,,,,,,,,,,,,,,,,,,,,
,,,,,,,,,,,,,,,,,,,,,,
,,,,,,,,,,,,,,,,,,,,,,
,,,,,,,,,,,,,,,,,,,,,,
,,,,,,,,,,,,,,,,,,,,,,
,,,,,,,,,,,,,,,,,,,,,,
,,,,,,,,,,,,,,,,,,,,,,
,,,,,,,,,,,,,,,,,,,,,,
,,,,,,,,,,,,,,,,,,,,,,
,,,,,,,,,,,,,,,,,,,,,,
,,,,,,,,,,,,,,,,,,,,,,
,,,,,,,,,,,,,,,,,,,,,,
,,,,,,,,,,,,,,,,,,,,,,
,,,,,,,,,,,,,,,,,,,,,,
,,,,,,,,,,,,,,,,,,,,,,
,,,,,,,,,,,,,,,,,,,,,,
,,,,,,,,,,,,,,,,,,,,,,
,,,,,,,,,,,,,,,,,,,,,,
,,,,,,,,,,,,,,,,,,,,,,
,,,,,,,,,,,,,,,,,,,,,,
,,,,,,,,,,,,,,,,,,,,,,
,,,,,,,,,,,,,,,,,,,,,,
,,,,,,,,,,,,,,,,,,,,,,
,,,,,,,,,,,,,,,,,,,,,,
,,,,,,,,,,,,,,,,,,,,,,
,,,,,,,,,,,,,,,,,,,,,,
,,,,,,,,,,,,,,,,,,,,,,
,,,,,,,,,,,,,,,,,,,,,,
,,,,,,,,,,,,,,,,,,,,,,
,,,,,,,,,,,,,,,,,,,,,,
,,,,,,,,,,,,,,,,,,,,,,
,,,,,,,,,,,,,,,,,,,,,,
,,,,,,,,,,,,,,,,,,,,,,
,,,,,,,,,,,,,,,,,,,,,,
,,,,,,,,,,,,,,,,,,,,,,
,,,,,,,,,,,,,,,,,,,,,,
,,,,,,,,,,,,,,,,,,,,,,
,,,,,,,,,,,,,,,,,,,,,,
,,,,,,,,,,,,,,,,,,,,,,
,,,,,,,,,,,,,,,,,,,,,,
,,,,,,,,,,,,,,,,,,,,,,
,,,,,,,,,,,,,,,,,,,,,,
,,,,,,,,,,,,,,,,,,,,,,
,,,,,,,,,,,,,,,,,,,,,,
,,,,,,,,,,,,,,,,,,,,,,
,,,,,,,,,,,,,,,,,,,,,,
,,,,,,,,,,,,,,,,,,,,,,
,,,,,,,,,,,,,,,,,,,,,,
,,,,,,,,,,,,,,,,,,,,,,
,,,,,,,,,,,,,,,,,,,,,,
,,,,,,,,,,,,,,,,,,,,,,
,,,,,,,,,,,,,,,,,,,,,,
,,,,,,,,,,,,,,,,,,,,,,
,,,,,,,,,,,,,,,,,,,,,,
,,,,,,,,,,,,,,,,,,,,,,
,,,,,,,,,,,,,,,,,,,,,,
,,,,,,,,,,,,,,,,,,,,,,
,,,,,,,,,,,,,,,,,,,,,,
,,,,,,,,,,,,,,,,,,,,,,
,,,,,,,,,,,,,,,,,,,,,,
,,,,,,,,,,,,,,,,,,,,,,
,,,,,,,,,,,,,,,,,,,,,,
,,,,,,,,,,,,,,,,,,,,,,
,,,,,,,,,,,,,,,,,,,,,,
,,,,,,,,,,,,,,,,,,,,,,
,,,,,,,,,,,,,,,,,,,,,,
,,,,,,,,,,,,,,,,,,,,,,
,,,,,,,,,,,,,,,,,,,,,,
,,,,,,,,,,,,,,,,,,,,,,
,,,,,,,,,,,,,,,,,,,,,,
,,,,,,,,,,,,,,,,,,,,,,
,,,,,,,,,,,,,,,,,,,,,,
,,,,,,,,,,,,,,,,,,,,,,
,,,,,,,,,,,,,,,,,,,,,,
,,,,,,,,,,,,,,,,,,,,,,
,,,,,,,,,,,,,,,,,,,,,,
,,,,,,,,,,,,,,,,,,,,,,
,,,,,,,,,,,,,,,,,,,,,,
,,,,,,,,,,,,,,,,,,,,,,
,,,,,,,,,,,,,,,,,,,,,,
,,,,,,,,,,,,,,,,,,,,,,
,,,,,,,,,,,,,,,,,,,,,,
,,,,,,,,,,,,,,,,,,,,,,
,,,,,,,,,,,,,,,,,,,,,,
,,,,,,,,,,,,,,,,,,,,,,
,,,,,,,,,,,,,,,,,,,,,,
,,,,,,,,,,,,,,,,,,,,,,
,,,,,,,,,,,,,,,,,,,,,,
,,,,,,,,,,,,,,,,,,,,,,
,,,,,,,,,,,,,,,,,,,,,,
,,,,,,,,,,,,,,,,,,,,,,
,,,,,,,,,,,,,,,,,,,,,,
,,,,,,,,,,,,,,,,,,,,,,
,,,,,,,,,,,,,,,,,,,,,,
,,,,,,,,,,,,,,,,,,,,,,
,,,,,,,,,,,,,,,,,,,,,,
,,,,,,,,,,,,,,,,,,,,,,
,,,,,,,,,,,,,,,,,,,,,,
,,,,,,,,,,,,,,,,,,,,,,
,,,,,,,,,,,,,,,,,,,,,,
,,,,,,,,,,,,,,,,,,,,,,
,,,,,,,,,,,,,,,,,,,,,,
,,,,,,,,,,,,,,,,,,,,,,
,,,,,,,,,,,,,,,,,,,,,,
,,,,,,,,,,,,,,,,,,,,,,
,,,,,,,,,,,,,,,,,,,,,,
,,,,,,,,,,,,,,,,,,,,,,
,,,,,,,,,,,,,,,,,,,,,,
,,,,,,,,,,,,,,,,,,,,,,
,,,,,,,,,,,,,,,,,,,,,,
,,,,,,,,,,,,,,,,,,,,,,
,,,,,,,,,,,,,,,,,,,,,,
,,,,,,,,,,,,,,,,,,,,,,
,,,,,,,,,,,,,,,,,,,,,,
,,,,,,,,,,,,,,,,,,,,,,
,,,,,,,,,,,,,,,,,,,,,,
,,,,,,,,,,,,,,,,,,,,,,
,,,,,,,,,,,,,,,,,,,,,,
,,,,,,,,,,,,,,,,,,,,,,
,,,,,,,,,,,,,,,,,,,,,,
,,,,,,,,,,,,,,,,,,,,,,
,,,,,,,,,,,,,,,,,,,,,,
,,,,,,,,,,,,,,,,,,,,,,
,,,,,,,,,,,,,,,,,,,,,,
,,,,,,,,,,,,,,,,,,,,,,
,,,,,,,,,,,,,,,,,,,,,,
,,,,,,,,,,,,,,,,,,,,,,
,,,,,,,,,,,,,,,,,,,,,,
,,,,,,,,,,,,,,,,,,,,,,
,,,,,,,,,,,,,,,,,,,,,,
,,,,,,,,,,,,,,,,,,,,,,
,,,,,,,,,,,,,,,,,,,,,,
,,,,,,,,,,,,,,,,,,,,,,
,,,,,,,,,,,,,,,,,,,,,,
,,,,,,,,,,,,,,,,,,,,,,
,,,,,,,,,,,,,,,,,,,,,,
date,,,,,,,,,,,,,,,,,,,,,,